[
  {
    "NAME": "Jeremy Sammarcelli",
    "FIRM": "slormite",
    "EN_ROLE": "Sviluppatore, Programmatore",
    "FR_ROLE": "Développeur, Programmeur",
    "CH_ROLE": "开发者，程序设计师",
    "TW_ROLE": "開發者，程序設計師",
    "JP_ROLE": "",
    "DE_ROLE": "",
    "ES_ROLE": "",
    "IT_ROLE": "Sviluppatore, Programmatore",
    "RU_ROLE": "",
    "PT_ROLE": "",
    "PO_ROLE": "",
    "KR_ROLE": "",
    "TUR_ROLE": ""
  },
  {
    "NAME": "Aurélien Chavoix",
    "FIRM": "slormite",
    "EN_ROLE": "Sviluppatore, Programmatore",
    "FR_ROLE": "Développeur, Artiste, SFX",
    "CH_ROLE": "开发者，美术师，特效",
    "TW_ROLE": "開發者，美術師，特效",
    "JP_ROLE": "",
    "DE_ROLE": "",
    "ES_ROLE": "",
    "IT_ROLE": "Sviluppatore, Programmatore",
    "RU_ROLE": "",
    "PT_ROLE": "",
    "PO_ROLE": "",
    "KR_ROLE": "",
    "TUR_ROLE": ""
  },
  {
    "NAME": "Aurélien Poudat",
    "FIRM": "music",
    "EN_ROLE": "Sviluppatore, Programmatore",
    "FR_ROLE": "Compositeur",
    "CH_ROLE": "作曲",
    "TW_ROLE": "作曲",
    "JP_ROLE": "",
    "DE_ROLE": "",
    "ES_ROLE": "",
    "IT_ROLE": "Sviluppatore, Programmatore",
    "RU_ROLE": "",
    "PT_ROLE": "",
    "PO_ROLE": "",
    "KR_ROLE": "",
    "TUR_ROLE": ""
  },
  {
    "NAME": "Elisabeth Maler",
    "FIRM": "ab",
    "EN_ROLE": "Sviluppatore, Programmatore",
    "FR_ROLE": "Éditrice",
    "CH_ROLE": "发行商",
    "TW_ROLE": "發行商",
    "JP_ROLE": "",
    "DE_ROLE": "",
    "ES_ROLE": "",
    "IT_ROLE": "Sviluppatore, Programmatore",
    "RU_ROLE": "",
    "PT_ROLE": "",
    "PO_ROLE": "",
    "KR_ROLE": "",
    "TUR_ROLE": ""
  },
  {
    "NAME": "Lenophie",
    "FIRM": "ab",
    "EN_ROLE": "Sviluppatore, Programmatore",
    "FR_ROLE": "Éditrice",
    "CH_ROLE": "发行商",
    "TW_ROLE": "發行商",
    "JP_ROLE": "",
    "DE_ROLE": "",
    "ES_ROLE": "",
    "IT_ROLE": "Sviluppatore, Programmatore",
    "RU_ROLE": "",
    "PT_ROLE": "",
    "PO_ROLE": "",
    "KR_ROLE": "",
    "TUR_ROLE": ""
  },
  {
    "NAME": "Level Up Translation",
    "FIRM": "various",
    "EN_ROLE": "Sviluppatore, Programmatore",
    "FR_ROLE": "Traduction",
    "CH_ROLE": "翻译",
    "TW_ROLE": "翻譯",
    "JP_ROLE": "",
    "DE_ROLE": "",
    "ES_ROLE": "",
    "IT_ROLE": "Sviluppatore, Programmatore",
    "RU_ROLE": "",
    "PT_ROLE": "",
    "PO_ROLE": "",
    "KR_ROLE": "",
    "TUR_ROLE": ""
  },
  {
    "NAME": "Gao Zheren ",
    "FIRM": "pid",
    "EN_ROLE": "Sviluppatore, Programmatore",
    "FR_ROLE": "",
    "CH_ROLE": "",
    "TW_ROLE": "",
    "JP_ROLE": "",
    "DE_ROLE": "",
    "ES_ROLE": "",
    "IT_ROLE": "Sviluppatore, Programmatore",
    "RU_ROLE": "",
    "PT_ROLE": "",
    "PO_ROLE": "",
    "KR_ROLE": "",
    "TUR_ROLE": ""
  },
  {
    "NAME": "Fan Binzhen",
    "FIRM": "pid",
    "EN_ROLE": "Sviluppatore, Programmatore",
    "FR_ROLE": "",
    "CH_ROLE": "",
    "TW_ROLE": "",
    "JP_ROLE": "",
    "DE_ROLE": "",
    "ES_ROLE": "",
    "IT_ROLE": "Sviluppatore, Programmatore",
    "RU_ROLE": "",
    "PT_ROLE": "",
    "PO_ROLE": "",
    "KR_ROLE": "",
    "TUR_ROLE": ""
  },
  {
    "NAME": "Clément Sonntag",
    "FIRM": "agm",
    "EN_ROLE": "Sviluppatore, Programmatore",
    "FR_ROLE": "",
    "CH_ROLE": "",
    "TW_ROLE": "",
    "JP_ROLE": "",
    "DE_ROLE": "",
    "ES_ROLE": "",
    "IT_ROLE": "Sviluppatore, Programmatore",
    "RU_ROLE": "",
    "PT_ROLE": "",
    "PO_ROLE": "",
    "KR_ROLE": "",
    "TUR_ROLE": ""
  },
  {
    "NAME": "Keigo Yonemura",
    "FIRM": "agm",
    "EN_ROLE": "Sviluppatore, Programmatore",
    "FR_ROLE": "",
    "CH_ROLE": "",
    "TW_ROLE": "",
    "JP_ROLE": "",
    "DE_ROLE": "",
    "ES_ROLE": "",
    "IT_ROLE": "Sviluppatore, Programmatore",
    "RU_ROLE": "",
    "PT_ROLE": "",
    "PO_ROLE": "",
    "KR_ROLE": "",
    "TUR_ROLE": ""
  },
  {
    "NAME": "Shuji Seika",
    "FIRM": "agm",
    "EN_ROLE": "Sviluppatore, Programmatore",
    "FR_ROLE": "",
    "CH_ROLE": "",
    "TW_ROLE": "",
    "JP_ROLE": "",
    "DE_ROLE": "",
    "ES_ROLE": "",
    "IT_ROLE": "Sviluppatore, Programmatore",
    "RU_ROLE": "",
    "PT_ROLE": "",
    "PO_ROLE": "",
    "KR_ROLE": "",
    "TUR_ROLE": ""
  },
  {
    "NAME": "Rei Yoshino",
    "FIRM": "agm",
    "EN_ROLE": "Sviluppatore, Programmatore",
    "FR_ROLE": "",
    "CH_ROLE": "",
    "TW_ROLE": "",
    "JP_ROLE": "",
    "DE_ROLE": "",
    "ES_ROLE": "",
    "IT_ROLE": "Sviluppatore, Programmatore",
    "RU_ROLE": "",
    "PT_ROLE": "",
    "PO_ROLE": "",
    "KR_ROLE": "",
    "TUR_ROLE": ""
  },
  {
    "NAME": "Markus Müller",
    "FIRM": "agm",
    "EN_ROLE": "Sviluppatore, Programmatore",
    "FR_ROLE": "",
    "CH_ROLE": "",
    "TW_ROLE": "",
    "JP_ROLE": "",
    "DE_ROLE": "",
    "ES_ROLE": "",
    "IT_ROLE": "Sviluppatore, Programmatore",
    "RU_ROLE": "",
    "PT_ROLE": "",
    "PO_ROLE": "",
    "KR_ROLE": "",
    "TUR_ROLE": ""
  },
  {
    "NAME": "Artjom Gerber",
    "FIRM": "agm",
    "EN_ROLE": "Sviluppatore, Programmatore",
    "FR_ROLE": "",
    "CH_ROLE": "",
    "TW_ROLE": "",
    "JP_ROLE": "",
    "DE_ROLE": "",
    "ES_ROLE": "",
    "IT_ROLE": "Sviluppatore, Programmatore",
    "RU_ROLE": "",
    "PT_ROLE": "",
    "PO_ROLE": "",
    "KR_ROLE": "",
    "TUR_ROLE": ""
  },
  {
    "NAME": "Stefan Ludwig",
    "FIRM": "agm",
    "EN_ROLE": "Sviluppatore, Programmatore",
    "FR_ROLE": "",
    "CH_ROLE": "",
    "TW_ROLE": "",
    "JP_ROLE": "",
    "DE_ROLE": "",
    "ES_ROLE": "",
    "IT_ROLE": "Sviluppatore, Programmatore",
    "RU_ROLE": "",
    "PT_ROLE": "",
    "PO_ROLE": "",
    "KR_ROLE": "",
    "TUR_ROLE": ""
  },
  {
    "NAME": "Stefanía Martina Fiocchi",
    "FIRM": "agm",
    "EN_ROLE": "Sviluppatore, Programmatore",
    "FR_ROLE": "",
    "CH_ROLE": "",
    "TW_ROLE": "",
    "JP_ROLE": "",
    "DE_ROLE": "",
    "ES_ROLE": "",
    "IT_ROLE": "Sviluppatore, Programmatore",
    "RU_ROLE": "",
    "PT_ROLE": "",
    "PO_ROLE": "",
    "KR_ROLE": "",
    "TUR_ROLE": ""
  },
  {
    "NAME": "Gustavo Álvarez",
    "FIRM": "agm",
    "EN_ROLE": "Sviluppatore, Programmatore",
    "FR_ROLE": "",
    "CH_ROLE": "",
    "TW_ROLE": "",
    "JP_ROLE": "",
    "DE_ROLE": "",
    "ES_ROLE": "",
    "IT_ROLE": "Sviluppatore, Programmatore",
    "RU_ROLE": "",
    "PT_ROLE": "",
    "PO_ROLE": "",
    "KR_ROLE": "",
    "TUR_ROLE": ""
  },
  {
    "NAME": "Carlos Guzmán",
    "FIRM": "agm",
    "EN_ROLE": "Sviluppatore, Programmatore",
    "FR_ROLE": "",
    "CH_ROLE": "",
    "TW_ROLE": "",
    "JP_ROLE": "",
    "DE_ROLE": "",
    "ES_ROLE": "",
    "IT_ROLE": "Sviluppatore, Programmatore",
    "RU_ROLE": "",
    "PT_ROLE": "",
    "PO_ROLE": "",
    "KR_ROLE": "",
    "TUR_ROLE": ""
  },
  {
    "NAME": "Adrien Lagarde",
    "FIRM": "patreon",
    "EN_ROLE": "Sviluppatore, Programmatore",
    "FR_ROLE": "",
    "CH_ROLE": "",
    "TW_ROLE": "",
    "JP_ROLE": "",
    "DE_ROLE": "",
    "ES_ROLE": "",
    "IT_ROLE": "Sviluppatore, Programmatore",
    "RU_ROLE": "",
    "PT_ROLE": "",
    "PO_ROLE": "",
    "KR_ROLE": "",
    "TUR_ROLE": ""
  },
  {
    "NAME": "Allan Weishaupl",
    "FIRM": "patreon",
    "EN_ROLE": "Sviluppatore, Programmatore",
    "FR_ROLE": "",
    "CH_ROLE": "",
    "TW_ROLE": "",
    "JP_ROLE": "",
    "DE_ROLE": "",
    "ES_ROLE": "",
    "IT_ROLE": "Sviluppatore, Programmatore",
    "RU_ROLE": "",
    "PT_ROLE": "",
    "PO_ROLE": "",
    "KR_ROLE": "",
    "TUR_ROLE": ""
  },
  {
    "NAME": "Andrew Burman",
    "FIRM": "patreon",
    "EN_ROLE": "Sviluppatore, Programmatore",
    "FR_ROLE": "",
    "CH_ROLE": "",
    "TW_ROLE": "",
    "JP_ROLE": "",
    "DE_ROLE": "",
    "ES_ROLE": "",
    "IT_ROLE": "Sviluppatore, Programmatore",
    "RU_ROLE": "",
    "PT_ROLE": "",
    "PO_ROLE": "",
    "KR_ROLE": "",
    "TUR_ROLE": ""
  },
  {
    "NAME": "Artifactvs",
    "FIRM": "patreon",
    "EN_ROLE": "Sviluppatore, Programmatore",
    "FR_ROLE": "",
    "CH_ROLE": "",
    "TW_ROLE": "",
    "JP_ROLE": "",
    "DE_ROLE": "",
    "ES_ROLE": "",
    "IT_ROLE": "Sviluppatore, Programmatore",
    "RU_ROLE": "",
    "PT_ROLE": "",
    "PO_ROLE": "",
    "KR_ROLE": "",
    "TUR_ROLE": ""
  },
  {
    "NAME": "BloodyScythe",
    "FIRM": "patreon",
    "EN_ROLE": "Sviluppatore, Programmatore",
    "FR_ROLE": "",
    "CH_ROLE": "",
    "TW_ROLE": "",
    "JP_ROLE": "",
    "DE_ROLE": "",
    "ES_ROLE": "",
    "IT_ROLE": "Sviluppatore, Programmatore",
    "RU_ROLE": "",
    "PT_ROLE": "",
    "PO_ROLE": "",
    "KR_ROLE": "",
    "TUR_ROLE": ""
  },
  {
    "NAME": "Callum Schuit",
    "FIRM": "patreon",
    "EN_ROLE": "Sviluppatore, Programmatore",
    "FR_ROLE": "",
    "CH_ROLE": "",
    "TW_ROLE": "",
    "JP_ROLE": "",
    "DE_ROLE": "",
    "ES_ROLE": "",
    "IT_ROLE": "Sviluppatore, Programmatore",
    "RU_ROLE": "",
    "PT_ROLE": "",
    "PO_ROLE": "",
    "KR_ROLE": "",
    "TUR_ROLE": ""
  },
  {
    "NAME": "cheazy",
    "FIRM": "patreon",
    "EN_ROLE": "Sviluppatore, Programmatore",
    "FR_ROLE": "",
    "CH_ROLE": "",
    "TW_ROLE": "",
    "JP_ROLE": "",
    "DE_ROLE": "",
    "ES_ROLE": "",
    "IT_ROLE": "Sviluppatore, Programmatore",
    "RU_ROLE": "",
    "PT_ROLE": "",
    "PO_ROLE": "",
    "KR_ROLE": "",
    "TUR_ROLE": ""
  },
  {
    "NAME": "Chob P",
    "FIRM": "patreon",
    "EN_ROLE": "Sviluppatore, Programmatore",
    "FR_ROLE": "",
    "CH_ROLE": "",
    "TW_ROLE": "",
    "JP_ROLE": "",
    "DE_ROLE": "",
    "ES_ROLE": "",
    "IT_ROLE": "Sviluppatore, Programmatore",
    "RU_ROLE": "",
    "PT_ROLE": "",
    "PO_ROLE": "",
    "KR_ROLE": "",
    "TUR_ROLE": ""
  },
  {
    "NAME": "Christopher Street",
    "FIRM": "patreon",
    "EN_ROLE": "Sviluppatore, Programmatore",
    "FR_ROLE": "",
    "CH_ROLE": "",
    "TW_ROLE": "",
    "JP_ROLE": "",
    "DE_ROLE": "",
    "ES_ROLE": "",
    "IT_ROLE": "Sviluppatore, Programmatore",
    "RU_ROLE": "",
    "PT_ROLE": "",
    "PO_ROLE": "",
    "KR_ROLE": "",
    "TUR_ROLE": ""
  },
  {
    "NAME": "Darkvoras",
    "FIRM": "patreon",
    "EN_ROLE": "Sviluppatore, Programmatore",
    "FR_ROLE": "",
    "CH_ROLE": "",
    "TW_ROLE": "",
    "JP_ROLE": "",
    "DE_ROLE": "",
    "ES_ROLE": "",
    "IT_ROLE": "Sviluppatore, Programmatore",
    "RU_ROLE": "",
    "PT_ROLE": "",
    "PO_ROLE": "",
    "KR_ROLE": "",
    "TUR_ROLE": ""
  },
  {
    "NAME": "Dave Dubé",
    "FIRM": "patreon",
    "EN_ROLE": "Sviluppatore, Programmatore",
    "FR_ROLE": "",
    "CH_ROLE": "",
    "TW_ROLE": "",
    "JP_ROLE": "",
    "DE_ROLE": "",
    "ES_ROLE": "",
    "IT_ROLE": "Sviluppatore, Programmatore",
    "RU_ROLE": "",
    "PT_ROLE": "",
    "PO_ROLE": "",
    "KR_ROLE": "",
    "TUR_ROLE": ""
  },
  {
    "NAME": "David GAILLARD",
    "FIRM": "patreon",
    "EN_ROLE": "Sviluppatore, Programmatore",
    "FR_ROLE": "",
    "CH_ROLE": "",
    "TW_ROLE": "",
    "JP_ROLE": "",
    "DE_ROLE": "",
    "ES_ROLE": "",
    "IT_ROLE": "Sviluppatore, Programmatore",
    "RU_ROLE": "",
    "PT_ROLE": "",
    "PO_ROLE": "",
    "KR_ROLE": "",
    "TUR_ROLE": ""
  },
  {
    "NAME": "Dreckers",
    "FIRM": "patreon",
    "EN_ROLE": "Sviluppatore, Programmatore",
    "FR_ROLE": "",
    "CH_ROLE": "",
    "TW_ROLE": "",
    "JP_ROLE": "",
    "DE_ROLE": "",
    "ES_ROLE": "",
    "IT_ROLE": "Sviluppatore, Programmatore",
    "RU_ROLE": "",
    "PT_ROLE": "",
    "PO_ROLE": "",
    "KR_ROLE": "",
    "TUR_ROLE": ""
  },
  {
    "NAME": "Fadigas",
    "FIRM": "patreon",
    "EN_ROLE": "Sviluppatore, Programmatore",
    "FR_ROLE": "",
    "CH_ROLE": "",
    "TW_ROLE": "",
    "JP_ROLE": "",
    "DE_ROLE": "",
    "ES_ROLE": "",
    "IT_ROLE": "Sviluppatore, Programmatore",
    "RU_ROLE": "",
    "PT_ROLE": "",
    "PO_ROLE": "",
    "KR_ROLE": "",
    "TUR_ROLE": ""
  },
  {
    "NAME": "Geoffrey Moes",
    "FIRM": "patreon",
    "EN_ROLE": "Sviluppatore, Programmatore",
    "FR_ROLE": "",
    "CH_ROLE": "",
    "TW_ROLE": "",
    "JP_ROLE": "",
    "DE_ROLE": "",
    "ES_ROLE": "",
    "IT_ROLE": "Sviluppatore, Programmatore",
    "RU_ROLE": "",
    "PT_ROLE": "",
    "PO_ROLE": "",
    "KR_ROLE": "",
    "TUR_ROLE": ""
  },
  {
    "NAME": "GIZMOE",
    "FIRM": "patreon",
    "EN_ROLE": "Sviluppatore, Programmatore",
    "FR_ROLE": "",
    "CH_ROLE": "",
    "TW_ROLE": "",
    "JP_ROLE": "",
    "DE_ROLE": "",
    "ES_ROLE": "",
    "IT_ROLE": "Sviluppatore, Programmatore",
    "RU_ROLE": "",
    "PT_ROLE": "",
    "PO_ROLE": "",
    "KR_ROLE": "",
    "TUR_ROLE": ""
  },
  {
    "NAME": "Guillaume Daunac",
    "FIRM": "patreon",
    "EN_ROLE": "Sviluppatore, Programmatore",
    "FR_ROLE": "",
    "CH_ROLE": "",
    "TW_ROLE": "",
    "JP_ROLE": "",
    "DE_ROLE": "",
    "ES_ROLE": "",
    "IT_ROLE": "Sviluppatore, Programmatore",
    "RU_ROLE": "",
    "PT_ROLE": "",
    "PO_ROLE": "",
    "KR_ROLE": "",
    "TUR_ROLE": ""
  },
  {
    "NAME": "Heberom",
    "FIRM": "patreon",
    "EN_ROLE": "Sviluppatore, Programmatore",
    "FR_ROLE": "",
    "CH_ROLE": "",
    "TW_ROLE": "",
    "JP_ROLE": "",
    "DE_ROLE": "",
    "ES_ROLE": "",
    "IT_ROLE": "Sviluppatore, Programmatore",
    "RU_ROLE": "",
    "PT_ROLE": "",
    "PO_ROLE": "",
    "KR_ROLE": "",
    "TUR_ROLE": ""
  },
  {
    "NAME": "Hyvr0",
    "FIRM": "patreon",
    "EN_ROLE": "Sviluppatore, Programmatore",
    "FR_ROLE": "",
    "CH_ROLE": "",
    "TW_ROLE": "",
    "JP_ROLE": "",
    "DE_ROLE": "",
    "ES_ROLE": "",
    "IT_ROLE": "Sviluppatore, Programmatore",
    "RU_ROLE": "",
    "PT_ROLE": "",
    "PO_ROLE": "",
    "KR_ROLE": "",
    "TUR_ROLE": ""
  },
  {
    "NAME": "James Olsen",
    "FIRM": "patreon",
    "EN_ROLE": "Sviluppatore, Programmatore",
    "FR_ROLE": "",
    "CH_ROLE": "",
    "TW_ROLE": "",
    "JP_ROLE": "",
    "DE_ROLE": "",
    "ES_ROLE": "",
    "IT_ROLE": "Sviluppatore, Programmatore",
    "RU_ROLE": "",
    "PT_ROLE": "",
    "PO_ROLE": "",
    "KR_ROLE": "",
    "TUR_ROLE": ""
  },
  {
    "NAME": "Jonathan Hall",
    "FIRM": "patreon",
    "EN_ROLE": "Sviluppatore, Programmatore",
    "FR_ROLE": "",
    "CH_ROLE": "",
    "TW_ROLE": "",
    "JP_ROLE": "",
    "DE_ROLE": "",
    "ES_ROLE": "",
    "IT_ROLE": "Sviluppatore, Programmatore",
    "RU_ROLE": "",
    "PT_ROLE": "",
    "PO_ROLE": "",
    "KR_ROLE": "",
    "TUR_ROLE": ""
  },
  {
    "NAME": "Joseph Ford",
    "FIRM": "patreon",
    "EN_ROLE": "Sviluppatore, Programmatore",
    "FR_ROLE": "",
    "CH_ROLE": "",
    "TW_ROLE": "",
    "JP_ROLE": "",
    "DE_ROLE": "",
    "ES_ROLE": "",
    "IT_ROLE": "Sviluppatore, Programmatore",
    "RU_ROLE": "",
    "PT_ROLE": "",
    "PO_ROLE": "",
    "KR_ROLE": "",
    "TUR_ROLE": ""
  },
  {
    "NAME": "Karelin Innokentiy",
    "FIRM": "patreon",
    "EN_ROLE": "Sviluppatore, Programmatore",
    "FR_ROLE": "",
    "CH_ROLE": "",
    "TW_ROLE": "",
    "JP_ROLE": "",
    "DE_ROLE": "",
    "ES_ROLE": "",
    "IT_ROLE": "Sviluppatore, Programmatore",
    "RU_ROLE": "",
    "PT_ROLE": "",
    "PO_ROLE": "",
    "KR_ROLE": "",
    "TUR_ROLE": ""
  },
  {
    "NAME": "Kelton",
    "FIRM": "patreon",
    "EN_ROLE": "Sviluppatore, Programmatore",
    "FR_ROLE": "",
    "CH_ROLE": "",
    "TW_ROLE": "",
    "JP_ROLE": "",
    "DE_ROLE": "",
    "ES_ROLE": "",
    "IT_ROLE": "Sviluppatore, Programmatore",
    "RU_ROLE": "",
    "PT_ROLE": "",
    "PO_ROLE": "",
    "KR_ROLE": "",
    "TUR_ROLE": ""
  },
  {
    "NAME": "Legrems",
    "FIRM": "patreon",
    "EN_ROLE": "Sviluppatore, Programmatore",
    "FR_ROLE": "",
    "CH_ROLE": "",
    "TW_ROLE": "",
    "JP_ROLE": "",
    "DE_ROLE": "",
    "ES_ROLE": "",
    "IT_ROLE": "Sviluppatore, Programmatore",
    "RU_ROLE": "",
    "PT_ROLE": "",
    "PO_ROLE": "",
    "KR_ROLE": "",
    "TUR_ROLE": ""
  },
  {
    "NAME": "Mehbreo",
    "FIRM": "patreon",
    "EN_ROLE": "Sviluppatore, Programmatore",
    "FR_ROLE": "",
    "CH_ROLE": "",
    "TW_ROLE": "",
    "JP_ROLE": "",
    "DE_ROLE": "",
    "ES_ROLE": "",
    "IT_ROLE": "Sviluppatore, Programmatore",
    "RU_ROLE": "",
    "PT_ROLE": "",
    "PO_ROLE": "",
    "KR_ROLE": "",
    "TUR_ROLE": ""
  },
  {
    "NAME": "Michael Brown",
    "FIRM": "patreon",
    "EN_ROLE": "Sviluppatore, Programmatore",
    "FR_ROLE": "",
    "CH_ROLE": "",
    "TW_ROLE": "",
    "JP_ROLE": "",
    "DE_ROLE": "",
    "ES_ROLE": "",
    "IT_ROLE": "Sviluppatore, Programmatore",
    "RU_ROLE": "",
    "PT_ROLE": "",
    "PO_ROLE": "",
    "KR_ROLE": "",
    "TUR_ROLE": ""
  },
  {
    "NAME": "Mortalcloth",
    "FIRM": "patreon",
    "EN_ROLE": "Sviluppatore, Programmatore",
    "FR_ROLE": "",
    "CH_ROLE": "",
    "TW_ROLE": "",
    "JP_ROLE": "",
    "DE_ROLE": "",
    "ES_ROLE": "",
    "IT_ROLE": "Sviluppatore, Programmatore",
    "RU_ROLE": "",
    "PT_ROLE": "",
    "PO_ROLE": "",
    "KR_ROLE": "",
    "TUR_ROLE": ""
  },
  {
    "NAME": "Night Wolf",
    "FIRM": "patreon",
    "EN_ROLE": "Sviluppatore, Programmatore",
    "FR_ROLE": "",
    "CH_ROLE": "",
    "TW_ROLE": "",
    "JP_ROLE": "",
    "DE_ROLE": "",
    "ES_ROLE": "",
    "IT_ROLE": "Sviluppatore, Programmatore",
    "RU_ROLE": "",
    "PT_ROLE": "",
    "PO_ROLE": "",
    "KR_ROLE": "",
    "TUR_ROLE": ""
  },
  {
    "NAME": "NxHunter",
    "FIRM": "patreon",
    "EN_ROLE": "Sviluppatore, Programmatore",
    "FR_ROLE": "",
    "CH_ROLE": "",
    "TW_ROLE": "",
    "JP_ROLE": "",
    "DE_ROLE": "",
    "ES_ROLE": "",
    "IT_ROLE": "Sviluppatore, Programmatore",
    "RU_ROLE": "",
    "PT_ROLE": "",
    "PO_ROLE": "",
    "KR_ROLE": "",
    "TUR_ROLE": ""
  },
  {
    "NAME": "Ole-Morten Sundheim",
    "FIRM": "patreon",
    "EN_ROLE": "Sviluppatore, Programmatore",
    "FR_ROLE": "",
    "CH_ROLE": "",
    "TW_ROLE": "",
    "JP_ROLE": "",
    "DE_ROLE": "",
    "ES_ROLE": "",
    "IT_ROLE": "Sviluppatore, Programmatore",
    "RU_ROLE": "",
    "PT_ROLE": "",
    "PO_ROLE": "",
    "KR_ROLE": "",
    "TUR_ROLE": ""
  },
  {
    "NAME": "pavel zolotarev",
    "FIRM": "patreon",
    "EN_ROLE": "Sviluppatore, Programmatore",
    "FR_ROLE": "",
    "CH_ROLE": "",
    "TW_ROLE": "",
    "JP_ROLE": "",
    "DE_ROLE": "",
    "ES_ROLE": "",
    "IT_ROLE": "Sviluppatore, Programmatore",
    "RU_ROLE": "",
    "PT_ROLE": "",
    "PO_ROLE": "",
    "KR_ROLE": "",
    "TUR_ROLE": ""
  },
  {
    "NAME": "Peredur",
    "FIRM": "patreon",
    "EN_ROLE": "Sviluppatore, Programmatore",
    "FR_ROLE": "",
    "CH_ROLE": "",
    "TW_ROLE": "",
    "JP_ROLE": "",
    "DE_ROLE": "",
    "ES_ROLE": "",
    "IT_ROLE": "Sviluppatore, Programmatore",
    "RU_ROLE": "",
    "PT_ROLE": "",
    "PO_ROLE": "",
    "KR_ROLE": "",
    "TUR_ROLE": ""
  },
  {
    "NAME": "Roger Means",
    "FIRM": "patreon",
    "EN_ROLE": "Sviluppatore, Programmatore",
    "FR_ROLE": "",
    "CH_ROLE": "",
    "TW_ROLE": "",
    "JP_ROLE": "",
    "DE_ROLE": "",
    "ES_ROLE": "",
    "IT_ROLE": "Sviluppatore, Programmatore",
    "RU_ROLE": "",
    "PT_ROLE": "",
    "PO_ROLE": "",
    "KR_ROLE": "",
    "TUR_ROLE": ""
  },
  {
    "NAME": "Serele",
    "FIRM": "patreon",
    "EN_ROLE": "Sviluppatore, Programmatore",
    "FR_ROLE": "",
    "CH_ROLE": "",
    "TW_ROLE": "",
    "JP_ROLE": "",
    "DE_ROLE": "",
    "ES_ROLE": "",
    "IT_ROLE": "Sviluppatore, Programmatore",
    "RU_ROLE": "",
    "PT_ROLE": "",
    "PO_ROLE": "",
    "KR_ROLE": "",
    "TUR_ROLE": ""
  },
  {
    "NAME": "Setharial",
    "FIRM": "patreon",
    "EN_ROLE": "Sviluppatore, Programmatore",
    "FR_ROLE": "",
    "CH_ROLE": "",
    "TW_ROLE": "",
    "JP_ROLE": "",
    "DE_ROLE": "",
    "ES_ROLE": "",
    "IT_ROLE": "Sviluppatore, Programmatore",
    "RU_ROLE": "",
    "PT_ROLE": "",
    "PO_ROLE": "",
    "KR_ROLE": "",
    "TUR_ROLE": ""
  },
  {
    "NAME": "Silversicer",
    "FIRM": "patreon",
    "EN_ROLE": "Sviluppatore, Programmatore",
    "FR_ROLE": "",
    "CH_ROLE": "",
    "TW_ROLE": "",
    "JP_ROLE": "",
    "DE_ROLE": "",
    "ES_ROLE": "",
    "IT_ROLE": "Sviluppatore, Programmatore",
    "RU_ROLE": "",
    "PT_ROLE": "",
    "PO_ROLE": "",
    "KR_ROLE": "",
    "TUR_ROLE": ""
  },
  {
    "NAME": "solaris212",
    "FIRM": "patreon",
    "EN_ROLE": "Sviluppatore, Programmatore",
    "FR_ROLE": "",
    "CH_ROLE": "",
    "TW_ROLE": "",
    "JP_ROLE": "",
    "DE_ROLE": "",
    "ES_ROLE": "",
    "IT_ROLE": "Sviluppatore, Programmatore",
    "RU_ROLE": "",
    "PT_ROLE": "",
    "PO_ROLE": "",
    "KR_ROLE": "",
    "TUR_ROLE": ""
  },
  {
    "NAME": "TheyCallMeStadi",
    "FIRM": "patreon",
    "EN_ROLE": "Sviluppatore, Programmatore",
    "FR_ROLE": "",
    "CH_ROLE": "",
    "TW_ROLE": "",
    "JP_ROLE": "",
    "DE_ROLE": "",
    "ES_ROLE": "",
    "IT_ROLE": "Sviluppatore, Programmatore",
    "RU_ROLE": "",
    "PT_ROLE": "",
    "PO_ROLE": "",
    "KR_ROLE": "",
    "TUR_ROLE": ""
  },
  {
    "NAME": "Vlad Patrascu",
    "FIRM": "patreon",
    "EN_ROLE": "Sviluppatore, Programmatore",
    "FR_ROLE": "",
    "CH_ROLE": "",
    "TW_ROLE": "",
    "JP_ROLE": "",
    "DE_ROLE": "",
    "ES_ROLE": "",
    "IT_ROLE": "Sviluppatore, Programmatore",
    "RU_ROLE": "",
    "PT_ROLE": "",
    "PO_ROLE": "",
    "KR_ROLE": "",
    "TUR_ROLE": ""
  },
  {
    "NAME": "William Quasar",
    "FIRM": "patreon",
    "EN_ROLE": "Sviluppatore, Programmatore",
    "FR_ROLE": "",
    "CH_ROLE": "",
    "TW_ROLE": "",
    "JP_ROLE": "",
    "DE_ROLE": "",
    "ES_ROLE": "",
    "IT_ROLE": "Sviluppatore, Programmatore",
    "RU_ROLE": "",
    "PT_ROLE": "",
    "PO_ROLE": "",
    "KR_ROLE": "",
    "TUR_ROLE": ""
  },
  {
    "NAME": "Alarack",
    "FIRM": "thanks",
    "EN_ROLE": "Sviluppatore, Programmatore",
    "FR_ROLE": "",
    "CH_ROLE": "",
    "TW_ROLE": "",
    "JP_ROLE": "",
    "DE_ROLE": "",
    "ES_ROLE": "",
    "IT_ROLE": "Sviluppatore, Programmatore",
    "RU_ROLE": "",
    "PT_ROLE": "",
    "PO_ROLE": "",
    "KR_ROLE": "",
    "TUR_ROLE": ""
  },
  {
    "NAME": "Akezhar",
    "FIRM": "thanks",
    "EN_ROLE": "Sviluppatore, Programmatore",
    "FR_ROLE": "",
    "CH_ROLE": "",
    "TW_ROLE": "",
    "JP_ROLE": "",
    "DE_ROLE": "",
    "ES_ROLE": "",
    "IT_ROLE": "Sviluppatore, Programmatore",
    "RU_ROLE": "",
    "PT_ROLE": "",
    "PO_ROLE": "",
    "KR_ROLE": "",
    "TUR_ROLE": ""
  },
  {
    "NAME": "Al_3x",
    "FIRM": "thanks",
    "EN_ROLE": "Sviluppatore, Programmatore",
    "FR_ROLE": "",
    "CH_ROLE": "",
    "TW_ROLE": "",
    "JP_ROLE": "",
    "DE_ROLE": "",
    "ES_ROLE": "",
    "IT_ROLE": "Sviluppatore, Programmatore",
    "RU_ROLE": "",
    "PT_ROLE": "",
    "PO_ROLE": "",
    "KR_ROLE": "",
    "TUR_ROLE": ""
  },
  {
    "NAME": "Bestio",
    "FIRM": "thanks",
    "EN_ROLE": "Sviluppatore, Programmatore",
    "FR_ROLE": "",
    "CH_ROLE": "",
    "TW_ROLE": "",
    "JP_ROLE": "",
    "DE_ROLE": "",
    "ES_ROLE": "",
    "IT_ROLE": "Sviluppatore, Programmatore",
    "RU_ROLE": "",
    "PT_ROLE": "",
    "PO_ROLE": "",
    "KR_ROLE": "",
    "TUR_ROLE": ""
  },
  {
    "NAME": "Blacksad",
    "FIRM": "thanks",
    "EN_ROLE": "Sviluppatore, Programmatore",
    "FR_ROLE": "",
    "CH_ROLE": "",
    "TW_ROLE": "",
    "JP_ROLE": "",
    "DE_ROLE": "",
    "ES_ROLE": "",
    "IT_ROLE": "Sviluppatore, Programmatore",
    "RU_ROLE": "",
    "PT_ROLE": "",
    "PO_ROLE": "",
    "KR_ROLE": "",
    "TUR_ROLE": ""
  },
  {
    "NAME": "Blitzy",
    "FIRM": "thanks",
    "EN_ROLE": "Sviluppatore, Programmatore",
    "FR_ROLE": "",
    "CH_ROLE": "",
    "TW_ROLE": "",
    "JP_ROLE": "",
    "DE_ROLE": "",
    "ES_ROLE": "",
    "IT_ROLE": "Sviluppatore, Programmatore",
    "RU_ROLE": "",
    "PT_ROLE": "",
    "PO_ROLE": "",
    "KR_ROLE": "",
    "TUR_ROLE": ""
  },
  {
    "NAME": "Bodeln",
    "FIRM": "thanks",
    "EN_ROLE": "Sviluppatore, Programmatore",
    "FR_ROLE": "",
    "CH_ROLE": "",
    "TW_ROLE": "",
    "JP_ROLE": "",
    "DE_ROLE": "",
    "ES_ROLE": "",
    "IT_ROLE": "Sviluppatore, Programmatore",
    "RU_ROLE": "",
    "PT_ROLE": "",
    "PO_ROLE": "",
    "KR_ROLE": "",
    "TUR_ROLE": ""
  },
  {
    "NAME": "Calavontis",
    "FIRM": "thanks",
    "EN_ROLE": "Sviluppatore, Programmatore",
    "FR_ROLE": "",
    "CH_ROLE": "",
    "TW_ROLE": "",
    "JP_ROLE": "",
    "DE_ROLE": "",
    "ES_ROLE": "",
    "IT_ROLE": "Sviluppatore, Programmatore",
    "RU_ROLE": "",
    "PT_ROLE": "",
    "PO_ROLE": "",
    "KR_ROLE": "",
    "TUR_ROLE": ""
  },
  {
    "NAME": "Cayrac",
    "FIRM": "thanks",
    "EN_ROLE": "Sviluppatore, Programmatore",
    "FR_ROLE": "",
    "CH_ROLE": "",
    "TW_ROLE": "",
    "JP_ROLE": "",
    "DE_ROLE": "",
    "ES_ROLE": "",
    "IT_ROLE": "Sviluppatore, Programmatore",
    "RU_ROLE": "",
    "PT_ROLE": "",
    "PO_ROLE": "",
    "KR_ROLE": "",
    "TUR_ROLE": ""
  },
  {
    "NAME": "DaddyDeGrand",
    "FIRM": "thanks",
    "EN_ROLE": "Sviluppatore, Programmatore",
    "FR_ROLE": "",
    "CH_ROLE": "",
    "TW_ROLE": "",
    "JP_ROLE": "",
    "DE_ROLE": "",
    "ES_ROLE": "",
    "IT_ROLE": "Sviluppatore, Programmatore",
    "RU_ROLE": "",
    "PT_ROLE": "",
    "PO_ROLE": "",
    "KR_ROLE": "",
    "TUR_ROLE": ""
  },
  {
    "NAME": "Darkvoras",
    "FIRM": "thanks",
    "EN_ROLE": "Sviluppatore, Programmatore",
    "FR_ROLE": "",
    "CH_ROLE": "",
    "TW_ROLE": "",
    "JP_ROLE": "",
    "DE_ROLE": "",
    "ES_ROLE": "",
    "IT_ROLE": "Sviluppatore, Programmatore",
    "RU_ROLE": "",
    "PT_ROLE": "",
    "PO_ROLE": "",
    "KR_ROLE": "",
    "TUR_ROLE": ""
  },
  {
    "NAME": "DenOwl",
    "FIRM": "thanks",
    "EN_ROLE": "Sviluppatore, Programmatore",
    "FR_ROLE": "",
    "CH_ROLE": "",
    "TW_ROLE": "",
    "JP_ROLE": "",
    "DE_ROLE": "",
    "ES_ROLE": "",
    "IT_ROLE": "Sviluppatore, Programmatore",
    "RU_ROLE": "",
    "PT_ROLE": "",
    "PO_ROLE": "",
    "KR_ROLE": "",
    "TUR_ROLE": ""
  },
  {
    "NAME": "DevilsAdvocate",
    "FIRM": "thanks",
    "EN_ROLE": "Sviluppatore, Programmatore",
    "FR_ROLE": "",
    "CH_ROLE": "",
    "TW_ROLE": "",
    "JP_ROLE": "",
    "DE_ROLE": "",
    "ES_ROLE": "",
    "IT_ROLE": "Sviluppatore, Programmatore",
    "RU_ROLE": "",
    "PT_ROLE": "",
    "PO_ROLE": "",
    "KR_ROLE": "",
    "TUR_ROLE": ""
  },
  {
    "NAME": "Doghouse",
    "FIRM": "thanks",
    "EN_ROLE": "Sviluppatore, Programmatore",
    "FR_ROLE": "",
    "CH_ROLE": "",
    "TW_ROLE": "",
    "JP_ROLE": "",
    "DE_ROLE": "",
    "ES_ROLE": "",
    "IT_ROLE": "Sviluppatore, Programmatore",
    "RU_ROLE": "",
    "PT_ROLE": "",
    "PO_ROLE": "",
    "KR_ROLE": "",
    "TUR_ROLE": ""
  },
  {
    "NAME": "Dylan",
    "FIRM": "thanks",
    "EN_ROLE": "Sviluppatore, Programmatore",
    "FR_ROLE": "",
    "CH_ROLE": "",
    "TW_ROLE": "",
    "JP_ROLE": "",
    "DE_ROLE": "",
    "ES_ROLE": "",
    "IT_ROLE": "Sviluppatore, Programmatore",
    "RU_ROLE": "",
    "PT_ROLE": "",
    "PO_ROLE": "",
    "KR_ROLE": "",
    "TUR_ROLE": ""
  },
  {
    "NAME": "Entity",
    "FIRM": "thanks",
    "EN_ROLE": "Sviluppatore, Programmatore",
    "FR_ROLE": "",
    "CH_ROLE": "",
    "TW_ROLE": "",
    "JP_ROLE": "",
    "DE_ROLE": "",
    "ES_ROLE": "",
    "IT_ROLE": "Sviluppatore, Programmatore",
    "RU_ROLE": "",
    "PT_ROLE": "",
    "PO_ROLE": "",
    "KR_ROLE": "",
    "TUR_ROLE": ""
  },
  {
    "NAME": "faraddox",
    "FIRM": "thanks",
    "EN_ROLE": "Sviluppatore, Programmatore",
    "FR_ROLE": "",
    "CH_ROLE": "",
    "TW_ROLE": "",
    "JP_ROLE": "",
    "DE_ROLE": "",
    "ES_ROLE": "",
    "IT_ROLE": "Sviluppatore, Programmatore",
    "RU_ROLE": "",
    "PT_ROLE": "",
    "PO_ROLE": "",
    "KR_ROLE": "",
    "TUR_ROLE": ""
  },
  {
    "NAME": "kechop3000",
    "FIRM": "thanks",
    "EN_ROLE": "Sviluppatore, Programmatore",
    "FR_ROLE": "",
    "CH_ROLE": "",
    "TW_ROLE": "",
    "JP_ROLE": "",
    "DE_ROLE": "",
    "ES_ROLE": "",
    "IT_ROLE": "Sviluppatore, Programmatore",
    "RU_ROLE": "",
    "PT_ROLE": "",
    "PO_ROLE": "",
    "KR_ROLE": "",
    "TUR_ROLE": ""
  },
  {
    "NAME": "Legrems",
    "FIRM": "thanks",
    "EN_ROLE": "Sviluppatore, Programmatore",
    "FR_ROLE": "",
    "CH_ROLE": "",
    "TW_ROLE": "",
    "JP_ROLE": "",
    "DE_ROLE": "",
    "ES_ROLE": "",
    "IT_ROLE": "Sviluppatore, Programmatore",
    "RU_ROLE": "",
    "PT_ROLE": "",
    "PO_ROLE": "",
    "KR_ROLE": "",
    "TUR_ROLE": ""
  },
  {
    "NAME": "llli1liliill",
    "FIRM": "thanks",
    "EN_ROLE": "Sviluppatore, Programmatore",
    "FR_ROLE": "",
    "CH_ROLE": "",
    "TW_ROLE": "",
    "JP_ROLE": "",
    "DE_ROLE": "",
    "ES_ROLE": "",
    "IT_ROLE": "Sviluppatore, Programmatore",
    "RU_ROLE": "",
    "PT_ROLE": "",
    "PO_ROLE": "",
    "KR_ROLE": "",
    "TUR_ROLE": ""
  },
  {
    "NAME": "MrPoirot",
    "FIRM": "thanks",
    "EN_ROLE": "Sviluppatore, Programmatore",
    "FR_ROLE": "",
    "CH_ROLE": "",
    "TW_ROLE": "",
    "JP_ROLE": "",
    "DE_ROLE": "",
    "ES_ROLE": "",
    "IT_ROLE": "Sviluppatore, Programmatore",
    "RU_ROLE": "",
    "PT_ROLE": "",
    "PO_ROLE": "",
    "KR_ROLE": "",
    "TUR_ROLE": ""
  },
  {
    "NAME": "MuffinRichter",
    "FIRM": "thanks",
    "EN_ROLE": "Sviluppatore, Programmatore",
    "FR_ROLE": "",
    "CH_ROLE": "",
    "TW_ROLE": "",
    "JP_ROLE": "",
    "DE_ROLE": "",
    "ES_ROLE": "",
    "IT_ROLE": "Sviluppatore, Programmatore",
    "RU_ROLE": "",
    "PT_ROLE": "",
    "PO_ROLE": "",
    "KR_ROLE": "",
    "TUR_ROLE": ""
  },
  {
    "NAME": "Nightxwolf",
    "FIRM": "thanks",
    "EN_ROLE": "Sviluppatore, Programmatore",
    "FR_ROLE": "",
    "CH_ROLE": "",
    "TW_ROLE": "",
    "JP_ROLE": "",
    "DE_ROLE": "",
    "ES_ROLE": "",
    "IT_ROLE": "Sviluppatore, Programmatore",
    "RU_ROLE": "",
    "PT_ROLE": "",
    "PO_ROLE": "",
    "KR_ROLE": "",
    "TUR_ROLE": ""
  },
  {
    "NAME": "Ninakoru",
    "FIRM": "thanks",
    "EN_ROLE": "Sviluppatore, Programmatore",
    "FR_ROLE": "",
    "CH_ROLE": "",
    "TW_ROLE": "",
    "JP_ROLE": "",
    "DE_ROLE": "",
    "ES_ROLE": "",
    "IT_ROLE": "Sviluppatore, Programmatore",
    "RU_ROLE": "",
    "PT_ROLE": "",
    "PO_ROLE": "",
    "KR_ROLE": "",
    "TUR_ROLE": ""
  },
  {
    "NAME": "NxHunter",
    "FIRM": "thanks",
    "EN_ROLE": "Sviluppatore, Programmatore",
    "FR_ROLE": "",
    "CH_ROLE": "",
    "TW_ROLE": "",
    "JP_ROLE": "",
    "DE_ROLE": "",
    "ES_ROLE": "",
    "IT_ROLE": "Sviluppatore, Programmatore",
    "RU_ROLE": "",
    "PT_ROLE": "",
    "PO_ROLE": "",
    "KR_ROLE": "",
    "TUR_ROLE": ""
  },
  {
    "NAME": "Peredur",
    "FIRM": "thanks",
    "EN_ROLE": "Sviluppatore, Programmatore",
    "FR_ROLE": "",
    "CH_ROLE": "",
    "TW_ROLE": "",
    "JP_ROLE": "",
    "DE_ROLE": "",
    "ES_ROLE": "",
    "IT_ROLE": "Sviluppatore, Programmatore",
    "RU_ROLE": "",
    "PT_ROLE": "",
    "PO_ROLE": "",
    "KR_ROLE": "",
    "TUR_ROLE": ""
  },
  {
    "NAME": "Sawyer",
    "FIRM": "thanks",
    "EN_ROLE": "Sviluppatore, Programmatore",
    "FR_ROLE": "",
    "CH_ROLE": "",
    "TW_ROLE": "",
    "JP_ROLE": "",
    "DE_ROLE": "",
    "ES_ROLE": "",
    "IT_ROLE": "Sviluppatore, Programmatore",
    "RU_ROLE": "",
    "PT_ROLE": "",
    "PO_ROLE": "",
    "KR_ROLE": "",
    "TUR_ROLE": ""
  },
  {
    "NAME": "Setharial",
    "FIRM": "thanks",
    "EN_ROLE": "Sviluppatore, Programmatore",
    "FR_ROLE": "",
    "CH_ROLE": "",
    "TW_ROLE": "",
    "JP_ROLE": "",
    "DE_ROLE": "",
    "ES_ROLE": "",
    "IT_ROLE": "Sviluppatore, Programmatore",
    "RU_ROLE": "",
    "PT_ROLE": "",
    "PO_ROLE": "",
    "KR_ROLE": "",
    "TUR_ROLE": ""
  },
  {
    "NAME": "Silversicer",
    "FIRM": "thanks",
    "EN_ROLE": "Sviluppatore, Programmatore",
    "FR_ROLE": "",
    "CH_ROLE": "",
    "TW_ROLE": "",
    "JP_ROLE": "",
    "DE_ROLE": "",
    "ES_ROLE": "",
    "IT_ROLE": "Sviluppatore, Programmatore",
    "RU_ROLE": "",
    "PT_ROLE": "",
    "PO_ROLE": "",
    "KR_ROLE": "",
    "TUR_ROLE": ""
  },
  {
    "NAME": "TasakaSama",
    "FIRM": "thanks",
    "EN_ROLE": "Sviluppatore, Programmatore",
    "FR_ROLE": "",
    "CH_ROLE": "",
    "TW_ROLE": "",
    "JP_ROLE": "",
    "DE_ROLE": "",
    "ES_ROLE": "",
    "IT_ROLE": "Sviluppatore, Programmatore",
    "RU_ROLE": "",
    "PT_ROLE": "",
    "PO_ROLE": "",
    "KR_ROLE": "",
    "TUR_ROLE": ""
  },
  {
    "NAME": "Tengu",
    "FIRM": "thanks",
    "EN_ROLE": "Sviluppatore, Programmatore",
    "FR_ROLE": "",
    "CH_ROLE": "",
    "TW_ROLE": "",
    "JP_ROLE": "",
    "DE_ROLE": "",
    "ES_ROLE": "",
    "IT_ROLE": "Sviluppatore, Programmatore",
    "RU_ROLE": "",
    "PT_ROLE": "",
    "PO_ROLE": "",
    "KR_ROLE": "",
    "TUR_ROLE": ""
  },
  {
    "NAME": "TheConcepteur",
    "FIRM": "thanks",
    "EN_ROLE": "Sviluppatore, Programmatore",
    "FR_ROLE": "",
    "CH_ROLE": "",
    "TW_ROLE": "",
    "JP_ROLE": "",
    "DE_ROLE": "",
    "ES_ROLE": "",
    "IT_ROLE": "Sviluppatore, Programmatore",
    "RU_ROLE": "",
    "PT_ROLE": "",
    "PO_ROLE": "",
    "KR_ROLE": "",
    "TUR_ROLE": ""
  },
  {
    "NAME": "TheHobomice",
    "FIRM": "thanks",
    "EN_ROLE": "Sviluppatore, Programmatore",
    "FR_ROLE": "",
    "CH_ROLE": "",
    "TW_ROLE": "",
    "JP_ROLE": "",
    "DE_ROLE": "",
    "ES_ROLE": "",
    "IT_ROLE": "Sviluppatore, Programmatore",
    "RU_ROLE": "",
    "PT_ROLE": "",
    "PO_ROLE": "",
    "KR_ROLE": "",
    "TUR_ROLE": ""
  },
  {
    "NAME": "Torinux",
    "FIRM": "thanks",
    "EN_ROLE": "Sviluppatore, Programmatore",
    "FR_ROLE": "",
    "CH_ROLE": "",
    "TW_ROLE": "",
    "JP_ROLE": "",
    "DE_ROLE": "",
    "ES_ROLE": "",
    "IT_ROLE": "Sviluppatore, Programmatore",
    "RU_ROLE": "",
    "PT_ROLE": "",
    "PO_ROLE": "",
    "KR_ROLE": "",
    "TUR_ROLE": ""
  },
  {
    "NAME": "Twing",
    "FIRM": "thanks",
    "EN_ROLE": "Sviluppatore, Programmatore",
    "FR_ROLE": "",
    "CH_ROLE": "",
    "TW_ROLE": "",
    "JP_ROLE": "",
    "DE_ROLE": "",
    "ES_ROLE": "",
    "IT_ROLE": "Sviluppatore, Programmatore",
    "RU_ROLE": "",
    "PT_ROLE": "",
    "PO_ROLE": "",
    "KR_ROLE": "",
    "TUR_ROLE": ""
  },
  {
    "NAME": "Vil",
    "FIRM": "thanks",
    "EN_ROLE": "Sviluppatore, Programmatore",
    "FR_ROLE": "",
    "CH_ROLE": "",
    "TW_ROLE": "",
    "JP_ROLE": "",
    "DE_ROLE": "",
    "ES_ROLE": "",
    "IT_ROLE": "Sviluppatore, Programmatore",
    "RU_ROLE": "",
    "PT_ROLE": "",
    "PO_ROLE": "",
    "KR_ROLE": "",
    "TUR_ROLE": ""
  },
  {
    "NAME": "Wiffle",
    "FIRM": "thanks",
    "EN_ROLE": "Sviluppatore, Programmatore",
    "FR_ROLE": "",
    "CH_ROLE": "",
    "TW_ROLE": "",
    "JP_ROLE": "",
    "DE_ROLE": "",
    "ES_ROLE": "",
    "IT_ROLE": "Sviluppatore, Programmatore",
    "RU_ROLE": "",
    "PT_ROLE": "",
    "PO_ROLE": "",
    "KR_ROLE": "",
    "TUR_ROLE": ""
  },
  {
    "NAME": "Yeljerolis",
    "FIRM": "thanks",
    "EN_ROLE": "Sviluppatore, Programmatore",
    "FR_ROLE": "",
    "CH_ROLE": "",
    "TW_ROLE": "",
    "JP_ROLE": "",
    "DE_ROLE": "",
    "ES_ROLE": "",
    "IT_ROLE": "Sviluppatore, Programmatore",
    "RU_ROLE": "",
    "PT_ROLE": "",
    "PO_ROLE": "",
    "KR_ROLE": "",
    "TUR_ROLE": ""
  }
]