[
  { "from": "dat_ach.json",   "to": "dat_ach_it.json",   "delay": 0 },
  { "from": "dat_act.json",   "to": "dat_act_it.json",   "delay": 0 },
  { "from": "dat_att.json",   "to": "dat_att_it.json",   "delay": 0 },
  { "from": "dat_buf.json",   "to": "dat_buf_it.json",   "delay": 0 },
  { "from": "dat_cat.json",   "to": "dat_cat_it.json",   "delay": 0 },
  { "from": "dat_cit.json",   "to": "dat_cit_it.json",   "delay": 0 },
  { "from": "dat_cla_0.json", "to": "dat_cla_0_it.json", "delay": 0 },
  { "from": "dat_cla_1.json", "to": "dat_cla_1_it.json", "delay": 0 },
  { "from": "dat_cla_2.json", "to": "dat_cla_2_it.json", "delay": 0 },
  { "from": "dat_cre.json",   "to": "dat_cre_it.json",   "delay": 0 },
  { "from": "dat_dia.json",   "to": "dat_dia_it.json",   "delay": 0 },
  { "from": "dat_ele.json",   "to": "dat_ele_it.json",   "delay": 0 },
  { "from": "dat_eli.json",   "to": "dat_eli_it.json",   "delay": 0 },
  { "from": "dat_enm.json",   "to": "dat_enm_it.json",   "delay": 0 },
  { "from": "dat_for.json",   "to": "dat_for_it.json",   "delay": 0 },
  { "from": "dat_leg.json",   "to": "dat_leg_it.json",   "delay": 0 },
  { "from": "dat_mis.json",   "to": "dat_mis_it.json",   "delay": 0 },
  { "from": "dat_rea.json",   "to": "dat_rea_it.json",   "delay": 0 },
  { "from": "dat_run.json",   "to": "dat_run_it.json",   "delay": 0 },
  { "from": "dat_str.json",   "to": "dat_str_it.json",   "delay": 0 },
  { "from": "dat_tuts.json",  "to": "dat_tuts_it.json",  "delay": 0 },
  { "from": "dat_war.json",   "to": "dat_war_it.json",   "delay": 0 }
]
